period,score_type,allocator_type,strategy,start_date,end_date,decision_dates,rankic,annual_return_0p0bps,cumulative_return_0p0bps,sharpe_0p0bps,mdd_0p0bps,annual_return_5p0bps,cumulative_return_5p0bps,sharpe_5p0bps,mdd_5p0bps,annual_return_7p5bps,cumulative_return_7p5bps,sharpe_7p5bps,mdd_7p5bps,annual_return_10p0bps,cumulative_return_10p0bps,sharpe_10p0bps,mdd_10p0bps,turnover_mean,turnover_median,turnover_p95,transaction_cost_drag_annual,transaction_cost_drag_cumulative,effective_n,max_weight_mean,max_weight_absolute,normalized_entropy_mean,csi500_annual_return,annual_excess_return,tracking_error,information_ratio,active_mdd,active_win_rate,cumulative_active_return
stitched,Factor Mean,Top20 EW,FM-Top20,2022-01-04,2026-09-01,1130,0.05077287957280952,0.05845782863451565,0.2901475250456069,0.4224855006366037,0.28117011296009053,0.034792209618778935,0.16574460146286052,0.28740305327945376,0.28958883285103065,0.023157638622979926,0.10811200745494665,0.21983723913339176,0.3039231637607318,0.011653265943629698,0.0533258137520376,0.15225598099898707,0.3185326615436197,0.0897660561286964,0.08340058473574935,0.15374284183056094,0.035300190011535726,0.15215346513814038,99.74070796460177,0.010036555410579356,0.017857142857142856,1.0,0.012407399486588977,0.010750239136390949,0.11393784268540388,0.049756010403747934,0.34618380255359193,0.4946902654867257,-0.0036135414538399635
2022,Factor Mean,Top20 EW,FM-Top20,2022-01-04,2022-12-30,242,0.058633449491812706,-0.08518091407264405,-0.08194323849791318,-0.45086306394083947,0.24760676328919629,-0.10372690655058525,-0.09982355146149302,-0.5738198424168185,0.2518124535392774,-0.11285905162752996,-0.10863328992931476,-0.6353004276797437,0.2539066115805081,-0.12189855922210835,-0.11735720620400603,-0.6967820254013074,0.25599499916923707,0.08124270375416191,0.07487467778664664,0.1335872082727541,0.027678137554885907,0.02949110146276078,99.7107438016529,0.010029217797812838,0.010101010101010102,1.0,-0.184135812187602,0.07127676056007204,0.06927211878923388,1.171261558234451,0.06509127135771253,0.5206611570247934,0.07853480089896081
2023,Factor Mean,Top20 EW,FM-Top20,2023-01-03,2023-12-29,242,0.059739763271090617,-0.0006082327852594549,-0.0005841036140505906,0.04473549535898918,0.13906639821277333,-0.021988372453580096,-0.02112510134049861,-0.16823104438477554,0.14683457489301566,-0.0325070630187696,-0.031237465313885604,-0.2747182396711794,0.15069262949955664,-0.04291312312862472,-0.041245843457354825,-0.3812056439429636,0.15453343057533864,0.08581076486295279,0.08257644077254472,0.14552734321994606,0.031898830233510145,0.03114930764525186,99.97107438016529,0.010002921779781283,0.010101010101010102,0.9999999999999999,-0.09273446518181772,0.060227402163048116,0.05020543097925927,1.2663226419635392,0.04023100723249473,0.5454545454545454,0.06166267806684189
2024,Factor Mean,Top20 EW,FM-Top20,2024-01-02,2024-12-31,242,0.0466864835586822,0.08939756897129314,0.08570228268167446,0.46383849193044463,0.18516323975198268,0.06143590447526659,0.05892754016256241,0.3603068760705521,0.1868828653288418,0.04772416073608188,0.04578764849897432,0.30851029008714176,0.18877484652248255,0.03418875073070904,0.032810042084564506,0.2566934920286666,0.19240031961633386,0.10328809058958491,0.095485317755475,0.17386756293861821,0.04167340823521126,0.03749357688401932,99.98760330578513,0.010001252191334834,0.010101010101010102,0.9999999999999999,0.028115234183516247,0.01960892655256563,0.09558553278214464,0.17121377774720792,0.10275731724160198,0.47520661157024796,0.011401653559011127
2025,Factor Mean,Top20 EW,FM-Top20,2025-01-02,2025-12-31,243,0.04086317584759189,0.2888658873493368,0.2772377291374739,2.136337736688029,0.08674584052370715,0.2595682663710037,0.24922988058827888,1.948639053112143,0.08744924214678562,0.24516905778516462,0.23545607309730965,1.854752947543707,0.0878007655678893,0.23093373883375423,0.22183344413341666,1.7608438405021998,0.08815217077404702,0.09134042378915984,0.08509286800528788,0.14369633823581984,0.0436968295641722,0.03329358447114877,100.0,0.009999999999999998,0.01,0.9999999999999999,0.4222248486230431,-0.17705579083787848,0.09786259183785644,-1.424763976675877,0.15615457353631002,0.4403292181069959,-0.12986446658650053
2026 YTD,Factor Mean,Top20 EW,FM-Top20,2026-01-05,2026-09-01,161,0.046578606686249927,0.02201114194094722,0.01400733664626208,0.22162420514649236,0.14127323808531034,0.00014405546729379104,9.20330437510497e-05,0.0747803094131801,0.14643424978160435,-0.01061448905007556,-0.006794538838836517,0.0013656360262408768,0.14900327421358084,-0.02125801887705303,-0.013634150524514554,-0.07204060315548418,0.15156467422220565,0.08582151004124085,0.0733043639831518,0.1554477411209899,0.03262563099102278,0.020725894674959666,98.67701863354037,0.010206377676235183,0.017857142857142856,1.0,-0.03397887397384747,0.023364384923771908,0.22747367330434531,0.0356890815036363,0.2308768789216461,0.4906832298136646,-0.01122713433644662
stitched,Factor Mean,Softmax T=1,FM-Softmax,2022-01-04,2026-09-01,1130,0.05077287957280952,0.05491229990905366,0.27088159064907247,0.3972673376029944,0.26569199795019316,0.043555773115175,0.2106722641707368,0.3340229049288633,0.27370272382659344,0.037923206872180204,0.1816446965038141,0.3023956533370078,0.28129903298714565,0.03232088846583325,0.1533123350501433,0.2707651858479826,0.2888160600405928,0.042967476129458504,0.03954385429628596,0.06059095028697387,0.01698909303687346,0.07282987203943217,319.09533771008273,0.007102954680819407,0.01246739419156575,0.9546413404190711,0.012407399486588977,0.025515807385591227,0.08286825240606537,0.24887716791294529,0.2661816952750744,0.5079646017699115,0.08016700008708733
2022,Factor Mean,Softmax T=1,FM-Softmax,2022-01-04,2022-12-30,242,0.058633449491812706,-0.0809214429067483,-0.0778386959100068,-0.3986103978351421,0.25323183263826343,-0.09050386122756049,-0.08707364212011837,-0.4589743627303481,0.2553652215985749,-0.09525769770045589,-0.09165652828033422,-0.48915976340876216,0.25642966261209854,-0.099986791143718,-0.09621650938921633,-0.5193474134741488,0.25749260409449404,0.04158288975369602,0.04041275355825007,0.05606406774317718,0.014336254793707592,0.015094588980591656,313.08684244130507,0.00724197191902037,0.010072932262026858,0.9531232342447592,-0.184135812187602,0.08887811448714611,0.04544584553563518,2.2438874048379023,0.02182754726876235,0.5495867768595041,0.10177098083616598
2023,Factor Mean,Softmax T=1,FM-Softmax,2023-01-03,2023-12-29,242,0.059739763271090617,-0.019587226067499186,-0.018817315531539536,-0.14494595582901262,0.12902755697295198,-0.029762775809977993,-0.02859876845822862,-0.24806652582046404,0.13368854917142503,-0.03481104785367917,-0.03345303038542946,-0.29963077827020573,0.13718839530436,-0.03983316573034268,-0.038283143077709525,-0.3511974879527536,0.140674179408245,0.04139855877507243,0.039101684566008585,0.05975324120488329,0.01522382178617998,0.01502767683535129,322.63652992467956,0.007181188406664291,0.009411115176498086,0.9559202001734515,-0.09273446518181772,0.05792341732813855,0.03519951197617913,1.737403993038171,0.029124305859619115,0.5578512396694215,0.059849859293303886
2024,Factor Mean,Softmax T=1,FM-Softmax,2024-01-02,2024-12-31,242,0.0466864835586822,0.06498752794812557,0.062329940491525404,0.37200333677260417,0.18709504126911858,0.053171566248131796,0.05100868051874863,0.3280729951235162,0.1902481459816906,0.047312624311664164,0.04539317027022194,0.3061032681773529,0.1918201632024975,0.041486134712753975,0.03980752760041262,0.2841305200467097,0.19338916463959466,0.04430913962611844,0.04043174794076196,0.07390810274426475,0.017674903636461403,0.016084217684280994,333.24536130588695,0.0068892003980553645,0.009644019815026078,0.9588789435830454,0.028115234183516247,0.019197390128147918,0.057958714604357926,0.28747346276247715,0.05382160533617919,0.4793388429752066,0.014493464965747327
2025,Factor Mean,Softmax T=1,FM-Softmax,2025-01-02,2025-12-31,243,0.04086317584759189,0.3275912733294921,0.31422351082664246,2.243359613395854,0.09444718453964118,0.3140747898180789,0.3013186440733635,2.164636842775559,0.09499555494504397,0.3073680238224361,0.2949136002676538,2.125275585574695,0.09526962467130462,0.3006953435412554,0.2885399440769798,2.0859144787375605,0.09554361743983786,0.040650779643338845,0.03840244344741493,0.054863602872714336,0.020223249507056007,0.014817209179997012,322.2450912644437,0.00678553066784101,0.008345057507207251,0.9549793904822308,0.4222248486230431,-0.114856824800607,0.06878516728861318,-1.3032167947023692,0.10098441084316367,0.4567901234567901,-0.0849131872757567
2026 YTD,Factor Mean,Softmax T=1,FM-Softmax,2026-01-05,2026-09-01,161,0.046578606686249927,0.0094861048896131,0.0060502310890990785,0.13789910460790675,0.12786099994117606,-0.0028710266075683277,-0.0018352190869195262,0.054487830739243966,0.13052562633545806,-0.008993231215635222,-0.0057550434704723985,0.01277295958550378,0.13185492773051555,-0.01507816401954365,-0.009659678547179418,-0.028946753152798845,0.1331822252359255,0.048886871052634416,0.03869539188204034,0.05768498114831389,0.018479336105248323,0.011806179359211213,296.78099929528435,0.0075767921856861875,0.01246739419156575,0.9481211634165486,-0.03397887397384747,0.024985642758212245,0.17583556787840124,0.05575158255014886,0.19462916114408413,0.4906832298136646,-0.003577149195754248
stitched,MLP,Top20 EW,MLP-Top20,2022-01-04,2026-09-01,1130,0.02818378969930481,0.05178646145146004,0.25408229496926515,0.3554403909715306,0.331721120501943,0.01418917351028015,0.06521736861002747,0.1684090728123764,0.3562150232168636,-0.004104767796417552,-0.01827512757482863,0.07487424233290144,0.3751165478411559,-0.022070245447720627,-0.09522973839366322,-0.018670981791608195,0.3934643726228889,0.14447376401855533,0.13519648084531716,0.2274793974098588,0.055891229247877594,0.24488303001145129,99.74070796460177,0.010036555410579356,0.017857142857142856,1.0,0.012407399486588977,-0.01651216728300653,0.07629937857432245,-0.21682899216256504,0.2569158374867665,0.4725663716814159,-0.08352202205282111
2022,MLP,Top20 EW,MLP-Top20,2022-01-04,2022-12-30,242,0.03438720281165408,-0.07584092865337977,-0.0729439605604143,-0.3227484937988754,0.2931392628492351,-0.09730998309657901,-0.09363530751306914,-0.44712349852991284,0.2980997839359739,-0.107857534829778,-0.10380790622795377,-0.5093222798201239,0.3005671678798221,-0.11828235993489211,-0.11386683164651312,-0.5715283170258564,0.30302600645748,0.09325081880981614,0.08863921852415307,0.13595974814389822,0.03201660617639823,0.03385004722796327,99.7107438016529,0.010029217797812838,0.010101010101010102,1.0,-0.184135812187602,0.076278277357824,0.05384377142121962,1.684049011189854,0.0699537284230296,0.5165289256198347,0.08944857441931409
2023,MLP,Top20 EW,MLP-Top20,2023-01-03,2023-12-29,242,0.006656911456584882,-0.0698101048167763,-0.06713505098973616,-0.4935915713320585,0.16639738226575984,-0.10114329437145508,-0.09733180058114355,-0.7580057773804278,0.18966241740049428,-0.11641357832595978,-0.11206329658608738,-0.8902303154279153,0.20105149993762927,-0.1314255783844237,-0.12655547269165035,-1.0224619470095,0.21228129998567458,0.13592961437514534,0.12771288515386087,0.2038557767890818,0.04660347350918348,0.04934245001817776,99.97107438016529,0.010002921779781283,0.010101010101010102,0.9999999999999999,-0.09273446518181772,-0.02367911314414206,0.061541077171184684,-0.3880584645367306,0.06144510397303171,0.47520661157024796,-0.024449461315960597
2024,MLP,Top20 EW,MLP-Top20,2024-01-02,2024-12-31,242,0.024519959874263295,0.04246184525427443,0.04074299189708852,0.2840169912793497,0.21122624303897075,0.0034003010467746897,0.0032651484224131,0.1511930692050579,0.21398758922492644,-0.01558044899078026,-0.014966827726654475,0.08480027731458897,0.21536480790103063,-0.03420367228721466,-0.03286894365166959,0.018420657423860485,0.21673972849994627,0.15147375737173646,0.14646176715859738,0.20621036021475367,0.05804229424505469,0.054984973925940345,99.98760330578513,0.010001252191334834,0.010101010101010102,0.9999999999999999,0.028115234183516247,-0.04369568317429651,0.06995321828897388,-0.5241268887286733,0.07146016041628223,0.45041322314049587,-0.03685826953454685
2025,MLP,Top20 EW,MLP-Top20,2025-01-02,2025-12-31,243,0.0412508360243486,0.3367179417012536,0.3229345437420752,2.2388353072610356,0.08463205189761158,0.2874057269096191,0.2758423921402158,1.957612878410097,0.08680141597710178,0.26343310282631327,0.25292589567628854,1.816963440141339,0.08788430408633319,0.239904937801384,0.23041917303580606,1.676293392241883,0.08896599786896653,0.14931950305034739,0.143248386555204,0.21391242175368136,0.0732848388749403,0.05442695886185164,100.0,0.009999999999999998,0.01,0.9999999999999999,0.4222248486230431,-0.15879174579672983,0.08355022445940304,-1.477174528162718,0.14188993990569443,0.45267489711934156,-0.11520971956472181
2026 YTD,MLP,Top20 EW,MLP-Top20,2026-01-05,2026-09-01,161,0.03700138673175268,0.08454553481255767,0.05322078649238926,0.5264108125534716,0.13626953397116437,0.02700790284442567,0.017171920962886,0.23592486588786507,0.14453122951160413,-0.0006109291904684566,-0.00039035893806627087,0.09048129997129782,0.14863305305327557,-0.027490287676245173,-0.01765152018014604,-0.05508947009445438,0.1527156452696391,0.21647453406839867,0.20422081785749135,0.3724862670315118,0.08515646400302612,0.05227859997751827,98.67701863354037,0.010206377676235183,0.017857142857142856,1.0,-0.03397887397384747,0.03336794478337901,0.11301015972250063,0.22009980309812313,0.13039161645449626,0.4658385093167702,0.011893910665360385
stitched,MLP,Softmax T=1,MLP-Softmax,2022-01-04,2026-09-01,1130,0.02818378969930481,0.0436483757550461,0.21115407808091669,0.32215710876271303,0.2929863470624039,0.02483252905996758,0.11626925828898438,0.22406456200565086,0.3103386583640688,0.015551549021805888,0.07164883865590377,0.17501095031320266,0.3217115401381637,0.006354187251891297,0.028810046075743445,0.12595301777167178,0.33544105793130286,0.07221348154858463,0.06350013585516456,0.12965898287948752,0.02809682673324021,0.12240185122485094,299.9248914987418,0.012860779471366627,0.06547756981142225,0.9527135201451633,0.012407399486588977,0.0031441495352169113,0.05723168715627378,0.02345175775113421,0.20328942821864449,0.4902654867256637,-0.0013117291015117827
2022,MLP,Softmax T=1,MLP-Softmax,2022-01-04,2022-12-30,242,0.03438720281165408,-0.08375584144160331,-0.08056991539768976,-0.3928714793676756,0.27105659247926595,-0.09338419098026729,-0.08985027997890938,-0.4513075555512345,0.27314422450624287,-0.09816051429421102,-0.09445542776185534,-0.4805300459389544,0.2741858294110817,-0.10291177900717796,-0.0990373753443492,-0.5097554843956653,0.27522596297920365,0.04191611982661739,0.040737384699010545,0.04989997408177136,0.014404672852607714,0.01521555149706211,315.86977316835373,0.011222297049825756,0.02085646628143134,0.957857665897182,-0.184135812187602,0.08597529789339098,0.03042201521371147,3.2876041510810925,0.025848241784752868,0.5578512396694215,0.10030098717742875
2023,MLP,Softmax T=1,MLP-Softmax,2023-01-03,2023-12-29,242,0.006656911456584882,-0.04823698740417903,-0.04636791595545986,-0.3721340469962165,0.14790631258327425,-0.06718932050674464,-0.06461116921076127,-0.5470134489679339,0.16192604196750426,-0.07652409348489897,-0.07360208187224304,-0.6344747731038853,0.16884958648604265,-0.08576584999705483,-0.08250695785463469,-0.7219496176210949,0.17571621148571936,0.07980538370199411,0.07782878058451223,0.10902701580316973,0.028287106080719937,0.02896935428382386,257.3815373270058,0.014499503356330061,0.027886283925237305,0.9402485794288261,-0.09273446518181772,0.016210371696918746,0.037907549023741216,0.4876119353856001,0.026087466945664328,0.5041322314049587,0.01720652807408274
2024,MLP,Softmax T=1,MLP-Softmax,2024-01-02,2024-12-31,242,0.024519959874263295,0.03805242181979129,0.03651517219883771,0.2697369053744528,0.19358883184146214,0.021483756772967322,0.020622497141893126,0.21031678068191323,0.1985037959863245,0.013298428120064765,0.012767358492872694,0.1806086789753603,0.2009501597671629,0.0051784035063300315,0.004972401270997739,0.15090192880292394,0.20338914083024073,0.06383467890453828,0.062016895812110215,0.07864568210590339,0.02475399369972653,0.023171988442347392,336.0961004948474,0.009239554503041607,0.016500298092782934,0.9623161229307984,0.028115234183516247,-0.014816806063451482,0.044292054167389065,-0.2741105914309691,0.04565515132604314,0.4628099173553719,-0.012521090843412241
2025,MLP,Softmax T=1,MLP-Softmax,2025-01-02,2025-12-31,243,0.0412508360243486,0.3500239134586709,0.3356307499992075,2.2552342924800612,0.09984922769963156,0.3284564076670349,0.31504933781767086,2.137783549163812,0.10072114391962639,0.31780165963775353,0.3048773454834677,2.0790594041754193,0.10115680841519936,0.307232003607695,0.2947836871726168,2.0203363309594877,0.10159227727580344,0.06397510642266836,0.06039907904780156,0.08772018416701739,0.03222225382091737,0.023318926291062622,335.6649693827172,0.00879540360638165,0.023998359654540686,0.9604064231987647,0.4222248486230431,-0.10442318898528957,0.06112057046945229,-1.320691069275562,0.09474450911687471,0.4567901234567901,-0.07656182904547781
2026 YTD,MLP,Softmax T=1,MLP-Softmax,2026-01-05,2026-09-01,161,0.03700138673175268,-0.0034619551037678997,-0.002213189369935975,0.07212511145860544,0.15424495594280452,-0.03589657477133623,-0.023085038414878745,-0.10984137075751124,0.15907529310538893,-0.05171772938281105,-0.03335789403420475,-0.20091012251760823,0.16148032566024928,-0.06728049566148586,-0.043523536972739585,-0.29203327518754785,0.1657498461839444,0.13137072757993767,0.11678377305043904,0.21468123350441085,0.04825577427904315,0.03172603071055495,231.59295884439666,0.024439439989240825,0.06547756981142225,0.9376726944632783,-0.03397887397384747,-0.017738855408963583,0.10366419936215528,-0.27602639328443407,0.13800839678266597,0.45962732919254656,-0.02147109930912039
